Model,MAE,RMSE,R²,MAPE,sMAPE,MASE,Direction_Accuracy_%,Mean_Error,Mean_%_Error,Within_5%,Within_10%,Within_20%,Residual_Std,Residual_Skew,Residual_Kurt,Threshold_Accuracy_%,vs_Baseline_MAE
Ensemble,186.63419057795164,242.5440528626622,0.9664095607849683,13.635521907973876,11.449177251652138,0.20720541949413368,95.50561797752809,26.670906769981624,9.210619400928561,43.333333333333336,68.88888888888889,84.44444444444444,241.0731845542196,0.8811361738437531,1.373584321617689,95.55555555555556,714.0864133212892
Naive,1410.0891111111114,1842.8212052912543,-0.9391027579449001,90.28901936123532,62.96589968594074,1.5655122187799435,34.831460674157306,-37.48055555555551,45.862874430311834,4.444444444444445,12.222222222222221,22.22222222222222,1842.4400133047363,0.1501371974872358,0.7650875313476693,45.55555555555556,-509.36850721187045
DOW_Avg,900.7206038992409,1329.481069120715,-0.009249951763866004,66.99543338240987,40.40233997965298,1.0,51.68539325842697,-210.83597401656309,39.84828012873219,11.11111111111111,25.555555555555554,43.333333333333336,1312.6568878464952,1.1139586300239386,1.9865874551364273,67.77777777777779,0.0
MA7,936.6380476190477,1331.8669326131821,-0.012875566731330501,69.14252543301644,42.07795162214831,1.0398763429684181,0.0,-150.16404761904775,42.8614142427376,8.88888888888889,13.333333333333334,34.44444444444444,1323.3745822672852,1.221394749928085,2.1435671236887295,50.0,-35.91744371980678
