month_name,Total_Forecast,Avg_Daily,Days
September 2025,64382.074151088425,2146.0691383696144,30
October 2025,63599.25126821679,2051.5887505876385,31
November 2025,70902.02082289894,2363.400694096631,30
December 2025,79104.82507361521,2551.768550761781,31
January 2026,73282.14552364402,2363.940178182065,31
February 2026,55649.96320520975,2061.1097483411017,27
