abc_category,total_forecast_demand
A,256050.5470199394
B,35604.260811072294
C,24945.515519905253
