category,total_forecast_demand
Dresses,82462.3927806381
Accessories,54712.95734936955
Tops,53810.51803196123
Bottoms,50812.40430002299
Outerwear,38500.730761433406
Shoes,36301.32012749169
