model_name,mae,rmse,mase,mape,best_model
Enhanced XGBoost,10.93980853578596,276.0361499068798,0.20003498223561597,11.96951708550741,False
Random Forest,7.122003830829579,269.8610418194338,0.13025959142215637,4.736375376766098,False
Linear Regression,6.316129766312932,8.63014831513413,0.1154827412482508,1.1262276974597973,True
Ensemble,7.970624677630824,183.5461390425867,0.1457508914033535,5.751725192264358,False
