season,total_forecast_demand
Winter,158322.84225211426
Fall,158277.48109880267
