product_id,total_hist_demand,avg_daily_demand,num_days_sold,category,abc_category
FB000815,19737.2,986.86,1,Bottoms,A
FB000703,13336.5,666.825,1,Accessories,A
FB001705,10846.2,542.3100000000001,1,Bottoms,A
FB001648,10537.48,526.874,1,Shoes,A
FB001867,8664.61,433.2305,1,Tops,A
FB000239,8520.54,426.02700000000004,1,Shoes,A
FB001879,3359.69,167.9845,1,Dresses,A
FB001109,2975.44,148.772,1,Tops,A
FB001697,2836.02,141.801,1,Tops,A
FB001972,2791.81,139.5905,1,Dresses,A
