abc_category,total_forecast_demand,forecast_percentage
A,256050.5470199394,80.8750112159978
B,35604.260811072294,11.245806837540355
C,24945.515519905253,7.879181946461839
