abc_category,product_id,total_sales,sales_pct,sales_percentage,product_percentage
A,1168,968883.82,79.97983407997559,79.97983407997559,53.67647058823529
B,583,181932.68,15.018256327291432,15.018256327291432,26.792279411764707
C,425,60593.64,5.001909592732979,5.001909592732979,19.53125
