season,total_forecast_demand,forecast_percentage,season_order
Fall,158277.48109880267,49.992836211784066,3
Winter,158322.84225211426,50.00716378821593,4
