category,total_forecast_demand,forecast_percentage
Dresses,82462.3927806381,26.046212432081923
Accessories,54712.95734936955,17.28139654763593
Tops,53810.51803196123,16.99635599307905
Bottoms,50812.40430002299,16.049384840236872
Outerwear,38500.730761433406,12.160673227980105
Shoes,36301.32012749169,11.465976958986118
